<?xml version="1.0" encoding="UTF-8"?>
<templates id="template" xml:space="preserve">
    <t t-name="SyncOrder" owl="1">
        <div class="ticket-button" style="color:white">
            <div class="with-badge" t-att-badge="count">
                <i class="fa fa-globe" aria-hidden="true"/>
            </div>
            <div>Sync All</div>
        </div>
    </t>
    <t t-inherit="point_of_sale.Chrome" t-inherit-mode="extension">
        <xpath expr="//TicketButton" position="before">
            <SyncOrder isTicketScreenShown="isTicketScreenShown"/>
        </xpath>
        <xpath expr="//TicketButton" position="after">
            <SyncOrder isTicketScreenShown="isTicketScreenShown"
                       t-if="env.isMobile"/>
        </xpath>
    </t>
</templates>