<?xml version="1.0" encoding="utf-8"?>
<odoo>
    <data noupdate="0">
        <record id="mail_template_member_statement" model="mail.template">
            <field name="name">Member E-Statement</field>
            <field name="model_id" ref="osynx_loan.model_member_account"/>
            <field name="subject">${object.partner_id.name} Statement of Account</field>
            <field name="email_from">${object.company_id.email_formatted | safe}</field>
            <field name="partner_to">${object.partner_id.id}</field>
            <field name="body_html" type="html">
                <table border="0" cellpadding="0" cellspacing="0" style="width:100%; margin:0px auto;"><tbody>
                    <tr><td valign="top" style="text-align: left; font-size: 14px;">
                        Dear <strong>${object.partner_id.name}</strong><br/><br/>
                        Attached is your latest <strong>${object.name}</strong> Electronic-Statement of Account as of ${datetime.datetime.now().strftime('%B %d, %Y')}<br/><br/>
                        Have a nice day!<br/>

                        Kaloanbio Cooperative
                    </td></tr>
                </tbody></table>
            </field>
            <field name="lang">${object.partner_id.lang}</field>
            <field name="auto_delete" eval="False"/>
        </record>

        <record id="mail_template_member_contract" model="mail.template">
            <field name="name">Account E-Contract</field>
            <field name="model_id" ref="osynx_loan.model_member_account"/>
            <field name="subject">${object.partner_id.name} E-Contract</field>
            <field name="email_from">${object.company_id.email_formatted | safe}</field>
            <field name="partner_to">${object.partner_id.id}</field>
            <field name="body_html" type="html">
                <table border="0" cellpadding="0" cellspacing="0" style="width:100%; margin:0px auto;"><tbody>
                    <tr><td valign="top" style="text-align: left; font-size: 14px;">
                        Dear <strong>${object.partner_id.name},</strong><br/><br/>

                        <p><strong>Greetings from ${object.company_id.name}!</strong></p>

                        <p>Thank you for choosing ${object.company_id.name} as part of your financial growth and stability.<br/>
                        Please find the attached file for your E-Contract</p><br/>

                        Best Regards,<br/>
                        <strong>${object.company_id.name}</strong>

                    </td></tr>
                </tbody></table>
            </field>
            <field name="lang">${object.partner_id.lang}</field>
            <field name="auto_delete" eval="False"/>
        </record>

        <record id="mail_template_loan_statement" model="mail.template">
            <field name="name">Loan E-Statement</field>
            <field name="model_id" ref="osynx_loan.model_loan_account"/>
            <field name="subject">${object.borrower_id.name} Loan Statement of Account</field>
            <field name="email_from">${object.company_id.email_formatted | safe}</field>
            <field name="partner_to">${object.guarantor_id.partner_id.id}</field>
            <field name="body_html" type="html">
                <table border="0" cellpadding="0" cellspacing="0" style="width:100%; margin:0px auto;"><tbody>
                    <tr><td valign="top" style="text-align: left; font-size: 14px;">
                        Dear Guarantor <strong>${object.guarantor_id.partner_id.name}</strong><br/><br/>
                        Attached is the latest <strong>${object.name}</strong> E-Loan Statement of account for Borrower: <strong>${object.borrower_id.name}</strong>  as of ${datetime.datetime.now().strftime('%B %d, %Y')}<br/><br/>
                        Thank you!<br/>

                        Kaloanbio Cooperative
                    </td></tr>
                </tbody></table>
            </field>
            <field name="lang">${object.guarantor_id.partner_id.lang}</field>
            <field name="auto_delete" eval="False"/>
        </record>

    </data>
</odoo>
